{"ann":{"err":0.0615795582},"knn1":{"err":0.0997491562},"knn5":{"err":0.0909800438},"knn10":{"err":0.0832863149}}