{"cnn":{"err":0.1000499964},"knn1":{"err":0.0332},"knn5":{"err":0.035},"knn10":{"err":0.038825}}